{"cameraMode":{"drawMode":0,"name":"Shaded","section":"Shading Mode"},"sceneLighting":false,"audioPlay":false,"sceneViewState":{"m_AlwaysRefresh":false,"showFog":true,"showSkybox":false,"showFlares":true,"showImageEffects":true,"showParticleSystems":true,"showVisualEffectGraphs":true,"m_FxEnabled":true},"in2DMode":false,"pivot":{"x":10.380000114440918,"y":1.9900000095367432,"z":8.170000076293946},"rotation":{"x":-0.0786656066775322,"y":0.9005991816520691,"z":-0.18349820375442506,"w":-0.38608577847480776},"size":0.8660253882408142,"orthographic":false}